<odoo>
    <data noupdate="1">
        <record id="schedule_employee_lop" model="ir.cron">
            <field name="name">LoP Schedule</field>
            <field name="model_id" ref="model_hr_leave" />
            <field name="interval_number">1</field>
            <field name="interval_type">days</field>
            <field name="numbercall">-1</field>
            <field name="doall">1</field>
            <field name="state">code</field>
            <field name="code">model.scheduleemployeelop()</field>
        </record>
    </data>
</odoo>
