<odoo>
    <data noupdate="1">
        <record id="schedule_employee_sl_cl" model="ir.cron">
            <field name="name">Accrual Schedule</field>
            <field name="model_id" ref="model_hr_leave" />
            <field name="interval_number">1</field>
            <field name="interval_type">months</field>
            <field name="numbercall">-1</field>
            <field name="doall">1</field>
            <field name="state">code</field>
            <field name="code">model.scheduleaccrual()</field>
        </record>
    </data>
</odoo>
